,test_cv_mean,train_cv_mean
0,11.2116683595,11.2116683595
1,9.64326093832,8.87797296092
2,10.2186884437,5.97697566192
3,7.08683761873,2.24116406565
4,2.7760851307,0.767732510049
5,0.996549878146,0.336189795891
6,0.420530228995,0.168582532016
