,test_cv_mean,train_cv_mean
0,11.3912820235,11.3912820235
1,11.0298131566,4.22648503991
2,4.61084714343,0.746297185387
3,0.863088191024,0.126362171388
4,0.10724899668,0.0
5,0.0,0.0
6,0.0,0.0
