,ngram_2,ngram_3,ngram_4,ngram_5,ngram_6,ngram_7,ngram_8
train_mse,10.8074038862,8.72441194168,5.81884227357,2.19797755416,0.787647256674,0.382219522009,0.173900698606
test_mse,12.4242181419,10.1997777786,10.9770308695,11.1088738746,11.1489613127,11.2049084768,11.312922774
